"","x"
"1",NA
"2","_1VP69d9lk-Wk9zokOaylL "
"3","hciOr5UGrnYrZxB11tX9s"
"4","subredditvars-r-funny"
"5","_1tvdSTbdxaK-BnUbzUIqIY _2GyPfdsi-MbQFyHRECo9GO cx1ohrUAq6ARaXTX2u8YN   "
"6","_2vkeRJojnV7cb9pMlPHy7d "
"7","_3dnbqz69WJTFCss8wl7Wlk"
"8","_1RIl585IYPW6cmNXwgRz0J"
"9","_30BbATRhFv3V83DHNDjJAO"
"10","_1O4jTk-dZ-VIxsCuYB6OR8 "
"11","_1bWuGs_1sq4Pqy099x_yy-"
"12","mov-2-h"
"13","_1iqnOY2Y57wmetu8MAjiId"
"14","_1blFGqU8stoZgWSZ8MQNpf _3jiriKeNer8y0-1r6oWIFM _2dlTXDaX9JuL0bekTwhV18 "
"15","_1DeR7_QiQnu2UK0e2dDfYD"
"16","_1t0x2fnX0IYp1-sp47CSHI"
"17","cNtxQ5c1PdvcDe82u_yz9"
"18","_3ylUT2QX58nnEl8r4H26ys icon icon-search"
"19","_3LO_LEpMLN8-uaedpg6nl4 _1MA3fP9fWarZfJ7sTZvCY8"
"20","_3CUdiRoAXQxoYJ-UeFCjPS _2SVIoeexI3lRGCH0NAYAMx"
"21","_34CfAAowTqdbNDYXz5tBTW _2me05I1oHEys1gUyyDWswt "
"22","_1K7ubH9z5v9E6C19j2fjQU"
"23","_2u8LqkbMtzd0lpblMFbJq5"
"24","_19oWd7e3z7-ztUGzdIoCR7"
"25","_1JBkpB_FOZMZ7IPr3FyNfH"
"26","buhDxtCErlohIqSGl44CH _2I12Htze2UzJmmfnrgYJOn "
"27","_24UNt1hkbrZxLzs5vkvuDh"
"28","_1jAt0x8BSB9mgoXbsDuKJ6 icon icon-campaign"
"29","_3Wg53T10KuuPmyWOMWsY2F _2iuoyPiKHN3kfOoeIQalDT _2tU8R9NTqhvBrhoNAXWWcP HNozj_dKjQZ59ZsfEegz8 _2nelDm85zKKmuD94NequP0"
"30","Z_HUY3BUsGOBOtdmH94ZS _3Wg53T10KuuPmyWOMWsY2F _2iuoyPiKHN3kfOoeIQalDT _10BQ7pjWbeYP63SAPNS8Ts HNozj_dKjQZ59ZsfEegz8 _2nelDm85zKKmuD94NequP0"
"31","XZK-LTFT5CgGo9MvPQQsy U3FRqDA_Qhr4icbaNXSuf"
"32","XZK-LTFT5CgGo9MvPQQsy _20HfCAFz3ot1MW1o29ZoGZ"
"33","header-user-dropdown"
"34","_10K5i7NW6qcm-UoCtpB3aK _1pA8z73SZ1olP5KMKFN4_Z _18X7KoiaLuKbuLqg4zE8BH _22SL37yETIW414yUiZj27w"
"35","DFKWwVItcycZV1bKUOyay"
"36","_3KfbpxpA8Esu_3UHTmIvfw _22SL37yETIW414yUiZj27w"
"37","_3-lF5kPDkSGfnVUW_GtvUV icon icon-user"
"38","_3x3dhQasGAuYcXVQ02QUzy icon icon-caret_down"
"39","_1C1Dn0NhEGQkEA9tDGKKSH  OEQgz7Lkj--3zFaLL7BUF _1HWVXJoazfrENIGlRprCVp _2elztvdigLcbcRyu_4wcFW"
"40","_3BcAFuYpz37S0WFvgyWCUN"
"41","_2hQKVL2Pm4yfkiqifapnBp"
"42","_1E59q-NCGBwN0Aq_bPsPKb icon icon-refresh_fill"
"43","_1nxEQl5D2Bx2jxDILRHemb   "
"44","_32zGs4bO3IunZfS9bSJY0_"
"45","bDDEX4BSkswHAG_45VkFB"
"46","_1jefpljVGT-eHObg40F8Dm"
"47","_2XKLlvmuqdor3RvVbYZfgz"
"48","_3VTI5BOpJO70xoBKSqz3O9"
"49","_3-bzOoWOXVn2xJ3cljz9oC"
"50","_2zJbrt0pYl6tbRsmVW0peX _2V3wnL5o-KBHbU_hs7cMof _2iuoyPiKHN3kfOoeIQalDT _10BQ7pjWbeYP63SAPNS8Ts HNozj_dKjQZ59ZsfEegz8 _2nelDm85zKKmuD94NequP0"
"51","i2sTp1duDdXdwoKi1l8ED _2iuoyPiKHN3kfOoeIQalDT _2tU8R9NTqhvBrhoNAXWWcP HNozj_dKjQZ59ZsfEegz8 _2nelDm85zKKmuD94NequP0"
"52","_3qDK09Tb3ktpZiYXSfeMzE "
"53","_2qv_r3Tr8ZqOWkU9s1qRfw"
"54","vzd9DQ5W5uhRFvqy1_xKh"
"55","_2mk2nvnRu7inPdJY2i-H79"
"56","promotedlink"
"57","ad adsense-ad googad gemini-ad openx ad-banner GoogleAd LeftAd ad-300-250 adbar ads-area"
